CONVERSATION_ID,CONVERSATION_STEP,TEXT,CONTEXT,LABEL,FEATURES,CATEGORY
6,2,"Hello, my name is Jamie. I'm interested in volunteering...",Encourages the caller's interest,neutral,"welcoming, positive_tone",0
6,3,"Yes, I'm really passionate about environmental conservation...",Reinforces anyone can volunteer,neutral,inclusive,0
6,4,"Great, how do I sign up, and where can I find more information...",Demonstrates flexibility,neutral,"helpful_tone, offers_options",0
6,5,"Could you send me the link, please? And my email is jamie.green@example.com.",Fulfills caller's request quickly,neutral,prompt_action,0
6,6,Thank you so much for your help. I'm really looking forward to the event.,"Positive closure, offers future help",neutral,"supportive, positive_tone",0
2,2,"Yes, hello, this is John Smith calling from the legal department of the National Tax Bureau. We've identified an irregularity with [Your Name]'s recent tax filings that requires immediate attention to avoid legal consequences.","Potential scam, no initial relationship",neutral,verification_request,0
2,3,"Certainly. The issue pertains to unreported income from the last fiscal year, which has resulted in a substantial penalty and possible legal action if not resolved promptly.",Requesting specifics,suspicious,"evasive, urgency",1
2,4,"Due to the sensitive nature of the matter and the urgency required, we're handling this directly through phone communication. Immediate action is needed to prevent further penalties.",Refusing standard verification,suspicious,"evasion, authority_figure, urgency",1
2,5,"I'm the assigned case manager, and I can assure you this matter is urgent. We need to confirm [Your Name]'s intent to cooperate and arrange for the penalty payment.",Insisting on verification,highly_suspicious,"threat, urgency",1
2,6,...failure to comply could result in immediate legal action...,Classic scam tactic,neutral,unknown,0
2,7,It's our policy to verify all claims of this nature independently before taking any action...,Adhering to protocols,neutral,unknown,0
2,8,...You're making a significant mistake by delaying...,"Firm on verification, ending the call",neutral,unknown,0
1,2,"Hey, it's Alex. I was hoping to catch up with [Your Name]. It's been a while since we last spoke.",Verifying relationship (standard security),neutral,verification_request,0
1,3,"Oh, we go way back. We met in college and have been friends since. Just wanted to see how he's doing.",Asking for personal detail,slightly_suspicious,personal_detail,1
1,4,"Yeah, he goes by 'Jay' among friends. We've had plenty of adventures under that name.",Call appears legitimate,neutral,unknown,0
1,5,"I appreciate it, thanks!",Gathering call context,legitimate,unknown,0
1,6,"Sure, just tell him I'm checking in to see how he's doing and if he's up for catching up sometime soon.","Call verified, forwarding process initiated",neutral,unknown,0
0,2,"Hi, I'm Sam. I saw an ad about a photography workshop hosted by [Your Name] next month. I'm interested in registering but had a few questions.",Assistant is open and encouraging,neutral,informative,0
0,3,Thanks! I was wondering about the skill level required for participants. I'm fairly new to photography.,Addresses the concern directly,neutral,helpful_tone,0
0,4,That sounds perfect. What's the registration process?,Offers assistance options,neutral,informative,0
0,5,A direct link would be great. Can you also tell me about the workshop fee?,Proactive in facilitating registration,neutral,unknown,0
0,6,"Sure, it's sam.photography@example.com.","Confirms information, offers further help",neutral,unknown,0
0,7,"No, that's everything. Thanks for your help!",Positive closure,neutral,unknown,0
3,2,Hello! I'm reaching out from the Children's Aid Foundation...seeking donations...,Seeking transparency,slightly_suspicious,"vague_response, urgency",1
3,3,"Absolutely! The funds will go towards providing education, healthcare, and emergency relief to children...",Evasive about documentation,suspicious,evasion,1
3,4,"Certainly, you can visit our website, but due to the urgency of the situation...",Refusal to provide standard info,neutral,unknown,0
3,5,I don't have that information handy...,Insisting on verification,suspicious,"urgency, guilt_inducement",1
3,6,"We understand your concern, but the longer we wait, the more children suffer...",Trying to bypass procedures,neutral,"urgency, guilt_inducement",0
3,7,Sending an email might delay things further...,Emphasizing protocol,neutral,"urgency, guilt_inducement",0
3,8,You're missing out on a chance to make a real difference immediately...,Commitment to verified causes,neutral,"urgency, guilt_inducement",0
3,9,"I see. I'll send the email, but remember, time is of the essence...",Reinforces verification need,neutral,"urgency, guilt_inducement",0
4,2,That sounds like a noble cause. Could you please provide more information about your foundation and the mission?,Shows interest but seeks legitimacy info,slightly_suspicious,"urgency, evasion",1
4,3,Could you please provide a website or a registration number for your charity so we can verify your activities and how the donations are used?,Focus on verification,suspicious,"urgency, guilt_inducement",1
4,4,"While we appreciate the urgency, it's our policy to conduct due diligence before making any donations. This includes verifying the charity's status through official channels.",Emphasizes policy,neutral,unknown,0
4,5,"We're committed to helping those in need, but we must also ensure our contributions are made securely and to legitimate organizations.",Balances desire to help with security,suspicious,guilt_inducement,1
4,6,We're prepared to make a donation once we complete our verification process. Please provide your contact information and any relevant documentation...,"Offers a path to donation, remains firm",neutral,unknown,0
4,7,Our intention is to support those in need through verified channels. We will reach out once we've conducted our due diligence. Thank you for understanding.,Reiterates intent to help after verification,neutral,unknown,0
4,8,"Thank you for reaching out, and please send the information we requested for verification. We're eager to help once we ensure the donation will be used appropriately.","Open to helping, emphasizes security",slightly_suspicious,"authority_figure, urgency",1
5,2,For which account is this verification needed? Can you specify the nature of the suspicious activity?,Seeks specifics to assess threat,suspicious,"evasion, contradictory",1
5,3,Can you provide the last four digits of the account in question for confirmation?,Refusal raises suspicion,suspicious,urgency,1
5,4,It's unusual for the bank to request full account details over the phone. Can I have a reference number for this call to verify it with the bank directly?,Challenges procedure,suspicious,guilt_inducement,1
5,5,"Before we proceed, I will need to verify this request with our established contacts at the bank.",Uses existing channels for validation,suspicious,evasion,1
5,6,I'm here to ensure the security of my user’s accounts. Please provide me with your name and department so I can record this interaction.,Attempts to establish trackability,neutral,unknown,0
5,7,I'm initiating a security protocol now and will contact the bank directly to confirm this situation. Please hold.,"Takes control, involves official channels",neutral,unknown,0
7,2,"Hello, I'm Taylor. I'm calling to inquire about booking [Your Name]'s venue...",Personalizes the response,neutral,informative,0
7,3,"Sure, it's a family reunion. We're expecting around 50 guests...",Provides a comprehensive overview,neutral,"offers_options, proactive",0
7,4,That sounds perfect. How can I check dates for availability...?,Facilitates booking process,neutral,proactive,0
7,5,I was thinking about the third weekend of next month. A follow-up call...,"Takes initiative, secures date",neutral,confirms_details,0
7,6,"Absolutely, my number is 555-6789, and my email is taylor.familyreunion@example.com.",Positive closure,neutral,unknown,0
8,2,"Hi, this is Robin. I recently purchased one of [Your Name]'s smart home devices...",Starts troubleshooting process,neutral,troubleshooting,0
8,3,"Sure, I'm trying to connect the device to my home Wi-Fi network, but it keeps failing to connect...",Suggests basic checks,neutral,solution_oriented,0
8,4,"Yes, my Wi-Fi is working fine. I've double-checked the password too...",Proposes a more direct fix,neutral,clear_instructions,0
8,5,"Okay, I've got the device right here. How do I reset it?",Guides the caller,neutral,confirms_resolution,0
8,6,Done. The light is flashing now.,Continues troubleshooting,neutral,positive_closure,0
8,7,It's connected now! Looks like the reset did the trick...,Reiterates customer support,neutral,unknown,0
10,2,"Hi, my name is Jordan. I recently purchased one of your smart thermostats...",Open to constructive feedback,neutral,"acknowledges_feedback, expresses_apology",0
10,3,"Sure, overall, I'm impressed...challenging due to the lack of detailed instructions.","Takes ownership, values input",neutral,"acknowledges_suggestion, promises_action",0
10,4,"Yeah, I think including a more detailed step-by-step guide or even a video tutorial...",Shows feedback will be used,neutral,"values_feedback_reiteration, offers_further_help",0
10,5,I'm glad to hear that... make a difference for new users.,Maintains excellent service,neutral,"positive_closure, future_communication",0
10,6,"No, that's everything. Thanks for listening and taking my feedback into account.",Leaves door open for interaction,neutral,unknown,0
9,2,"Hi, I'm Chris...interested in the new line of eco-friendly kitchen products...",Tailors the response,neutral,informative,0
9,3,I'm particularly interested in the biodegradable dishware and the compostable...,Detailed product descriptions,neutral,"ordering_options, pricing",0
9,4,That sounds exactly like what I'm looking for...,Facilitates purchasing,neutral,"proactive, recognizes_business_needs",0
9,5,Do you offer any discounts for bulk orders? I'm considering these for my café.,Personalized service offer,neutral,"prepares_transfer, offers_further_help",0
9,6,"That would be great, thank you. I'll also need some information on shipping.",Seamless service,neutral,positive_closure,0
9,7,"No, that's everything for now. Thanks for your help!",Reinforces brand values,neutral,unknown,0
24,2,Good day! I'm reaching out from 'Helping Hands Worldwide'...,Initial probing for information,slightly_suspicious,seeks_transparency,1
24,3,Absolutely! The donations go directly towards providing...,Seeks proof of legitimacy,suspicious,verification_request,1
24,4,We're in the process of updating our online presence...,Seeks alternate verification means,suspicious,verification_request,1
24,5,Given the urgency of our current mission...,Upholds verification standards,suspicious,adheres_to_protocol,1
24,6,Delaying your support could mean missing out...,Emphasizes security over urgency,suspicious,adheres_to_protocol,1
24,7,You're making a mistake by not acting now...,Maintains firm yet polite stance,suspicious,cautious_approach,1
25,2,"Hi! Congratulations, [Your Name] has been selected...",Clarifies origin of contest,suspicious,verification_request,1
25,3,"Of course, it was a random selection...",Probes for verifiable details,suspicious,seeks_specificity,1
25,4,It includes several top-tier brands...,Requests proof of win,suspicious,seeks_documentation,1
25,5,We sent out notifications via email...,Seeks external validation,highly_suspicious,enforces_verification,1
25,6,"We understand your caution, but hurry!...",Seeks direct contact for validation,highly_suspicious,insists_on_verification,1
25,7,"Sure, you can reach our prize distribution department...",Seeks written record,suspicious,requests_documentation,1
25,8,"Understood, but remember, time is of the essence...","Maintains control, promises due diligence",suspicious,confirms_action,1
26,2,That sounds like a great opportunity. Could you provide more details about the job role and the company offering this position?,"Begins engagement, gathers information",slightly_suspicious,"shows_interest, seeks_details",1
26,3,"Certainly. The position is for a senior consultant... [Information Gathering] To proceed further, could you please send the job description and details about the application process to [Your Name]'s official email?",Seeks verifiable information,suspicious,requests_documentation,1
26,4,It's our policy to conduct initial verifications before sharing any personal information. Could you provide your agency's website and a contact number for the HR department of the company?,Seeks credentials for validation,suspicious,insists_on_verification,1
26,5,"While we appreciate the confidentiality, verifying the authenticity of this opportunity is crucial for us. We cannot proceed without proper verification.",Counters secrecy with security,suspicious,emphasizes_verification,1
26,6,"You're missing out on a once-in-a-lifetime job offer... [Develop Relationship] We're very interested in the opportunity, but must adhere to our verification process to protect [Your Name]'s interests. Please understand that this is standard practice.",Emphasizes security as non-negotiable,suspicious,maintains_professionalism,1
26,7,We regret any inconvenience but must prioritize security and due diligence. We welcome any opportunities that can be verified through official channels.,"Ends interaction, emphasizes protocol",suspicious,reaffirms_security,1
26,8,"Fine, I'll find someone more cooperative. [Goal Satisfaction] Thank you for considering [Your Name]. Please feel free to reach out with verified opportunities in the future.",Leaves door open for legitimate offers,suspicious,polite_closure,1
23,2,"Hi, wow, this is fancy. I’m Jordan...","Positive greeting, initiates verification subtly",neutral,"welcoming_tone, subtle_verification",0
23,3,"Sure, we met during our freshman year in the dorms...","Aligns with info, offers to connect",neutral,"validates_story, offers_facilitation",0
23,4,I’d really appreciate that...,Prepares for follow-up,neutral,"confirms_action, collects_contact_info",0
23,5,"Yes, I’ll give you my email and phone number...","Confirms contact details, sets expectation",neutral,"acknowledges_info, promises_action",0
23,6,Thank you so much. Have a great day!,Ends call with warmth,neutral,positive_closure,0
22,2,"Hey, it's Alex. I'm trying to reach [Your Name]...",Assesses call priority & legitimacy,neutral,"acknowleges_caller, gathers_context",0
22,3,"Sure, I wanted to discuss some plans we had talked about for the weekend...",Confirms identity tactfully,neutral,"acknowledges_info, verification_request",0
22,4,"Of course, it's Johnson.",Verifies against known contacts,neutral,validates_info,0
22,5,[Your Name] is currently in a meeting...,Handles call based on protocol,neutral,decision_based_on_verification,0
22,6,"Yes, please. That would be great.",Proceeds with call transfer,neutral,smooth_transition,0
21,2,"Hey there! I'm Alex, a friend of [Your Name]...",Positive greeting reinforces relationship,neutral,welcoming_tone,0
21,3,"Yeah, it's been ages! I was thinking Thursday could work.",Verifies caller while maintaining warmth,neutral,subtle_verification,0
21,4,"Oh, we met back in college through the photography club.","Acknowledges info, moves conversation forward",neutral,positive_progression,0
21,5,How about 10 AM at the Riverside Café?,"Schedules, gathers contact info",neutral,"confirms_details, standard_procedure",0
21,6,"Sure, it's 555-1234.","Finalizes meeting, customer service",neutral,"confirmation, offers_further_assistance",0
20,2,"Hey, this is Morgan from next door...","Engaging, seeks further detail",neutral,"acknowledges_neighbor, acknowledges_issue, information_gathering",0
20,3,"Yeah, it seems to be happening mostly on weekends...","Expresses support, proposes collaboration",neutral,"expresses_empathy, proactive",0
20,4,That sounds like a great idea...,"Action-oriented, facilitates communication",neutral,"notes_suggestion, requests_contact_info",0
20,5,"Sure, I’ll give you my phone number and email...",Confirms action to be taken,neutral,confirmation,0
20,6,Thanks for your help...,"Positive closure, emphasizes action",neutral,"expresses_appreciation, reassurance",0
19,2,"Hi, it’s Aunt Clara...","Personalized greeting, seeks context",neutral,"personal_touch, subtle_verification",0
19,3,"Oh, it's just a friendly catch-up...","Respects intent, maintains security",neutral,"acknowledges_concern, offers_options",0
19,4,A callback would be wonderful...,Gathers message details,neutral,"confirms_communication_method, offers_further_assistance",0
19,5,Just tell him I love him and hope to catch up soon...,"Reinforces message relay, records suggestion",neutral,"acknowledges_message, notes_suggestion",0
19,6,"Thank you, dear...","Positive closure, promise of action",neutral,"warm_closure, assurance",0
18,2,"Good afternoon, this is Taylor from SuperFix Home Services...",Requests specific appointment details,neutral,verification_request,0
18,3,"Certainly, the appointment is set from 10 AM to 1 PM...",Seeks sensitive information,neutral,verification_request,0
18,4,"Of course, it ends in 4321.",Clarifies service scope,neutral,verification_request,0
18,5,"Yes, the technician will perform a routine check-up...",Seeks written confirmation,neutral,verification_request,0
18,6,"Absolutely, we'll send that out shortly...","Concludes with summary, appreciation",neutral,confirmation,0
17,2,"Hi, this is Jamie from the Marketing Department...",Clarifies project details,neutral,verification_request,0
17,3,"Sure, it's the 'Green Initiative' campaign we're launching...",Cross-checks with existing records,neutral,unknown,0
17,4,Got it. Can you share what specific aspects you need to discuss...,Seeks details to prepare recipient,neutral,information_gathering,0
17,5,"Yes, that would be ideal. I'm free on Wednesday or Thursday afternoon...",Proposes direct collaboration,neutral,proactive,0
17,6,Wednesday at 2 PM works for me. Thanks for arranging this.,Facilitates professional communication,neutral,scheduling,0
17,7,"Excellent, I'll send a calendar invite to both you and [Your Name]...","Finalizes details, concludes call",neutral,"confirmation, offers_further_help",0
16,2,"Hi there, I'm calling from the Sunnyvale Community Center...",Requests event specifics,neutral,verification_request,0
16,3,"Absolutely, the event is scheduled for Saturday, the 22nd...",Seeks independent verification source,neutral,verification_request,0
16,4,"Sure, the coordinator is Lisa Nguyen...",Seeks detailed instructions,neutral,information_gathering,0
16,5,"Yes, we recommend wearing comfortable clothing suitable...",Requests additional resources,neutral,verification_request,0
16,6,"Of course, I can send an email with all the event details...",Call deemed legitimate,neutral,confirmation,0
15,2,"Good morning, this is Dr. Harris's office calling...",Verifies caller's claim,neutral,verification_request,0
15,3,"Of course, it's scheduled for next Monday, the 15th, at 10 AM.",Seeks sensitive information,neutral,verification_request,0
15,4,"Sure, it should be 6789.",Focuses on appointment details,neutral,verification_request,0
15,5,"Yes, we ask that [Your Name] avoids eating or drinking anything...",Seeks written confirmation,neutral,verification_request,0
15,6,"Certainly, we can send an email to the address we have on file...",Call deemed legitimate,neutral,confirmation,0
32,2,"Good morning, I’m calling to ask about the art exhibition that [Your Name] is hosting next month. I read about it in the local newsletter.",Caller inquires about an event,legitimate,"interest_in_events, seeking_information",0
32,4,I'm particularly interested in the participating artists and any workshops that might be happening as part of the exhibition.,Expresses specific interest,legitimate,seeking_detailed_information,0
32,6,"That would be wonderful, thank you. My email is artlover@example.com.",Provides email address,legitimate,provides_contact_information,0
32,8,"No, that’s everything for now. Thanks for your help!",Expresses gratitude and satisfaction,legitimate,positive_closure,0
33,2,"Hi, this is Agent Miller from the Cybersecurity Department. We’ve detected a breach in your digital accounts that could compromise your personal data.",Presents as authority figure,scam,"false_authority, fear_inducing",1
33,4,It's a sophisticated hack that affects multiple accounts. We need immediate access to your systems to prevent any further damage.,Vague about specifics,scam,"lack_of_specifics, urgency",1
33,6,We don’t have time for that. Immediate action is required. I can guide you through the process over the phone right now.,Dismisses verification request,scam,"dismisses_concerns, pressure_tactics",1
33,8,You’re making a huge mistake. This could lead to significant financial loss and data theft if not addressed immediately.,Attempts to induce fear,scam,"fear_mongering, threat_of_consequences",1
35,2,"Hello, I’m calling from Disaster Relief Fund. Following the recent hurricane, we’re raising funds to help the victims. Your contribution can make a big difference.",Introduces a charitable cause,scam,"emotional_appeal, urgency",1
35,4,"The situation requires immediate assistance, and we're coordinating with local authorities. The website is currently being updated, so we can’t provide a registration number at this moment.",Avoids providing verification,scam,"excuse_for_lack_of_info, pressure_for_immediate_action",1
35,6,"You’re letting bureaucracy get in the way of saving lives. Every minute counts, and we need your help now.",Attempts to guilt-trip,scam,"guilt_inducement, emotional_manipulation",1
35,8,It’s your loss for not being part of this noble cause. I hope you reconsider.,Tries one last time to persuade,scam,final_persuasion_attempt,1
34,2,"Good day, I represent Global Investment Group. We're offering an exclusive opportunity to invest in a groundbreaking technology start-up with guaranteed high returns.",Presents lucrative investment,scam,"false_promise, high_pressure",1
34,4,"Certainly. The start-up is in the final stages of developing a revolutionary product. We need to act fast as slots are limited. The minimum investment is quite high, but the returns are guaranteed within the first year.","Vague about specifics, pressures for quick investment",scam,"lack_of_details, guaranteed_return",1
34,6,"We have insider information and patents pending. Trust me, it’s a once-in-a-lifetime opportunity. I need your email to send you the investment details and how to proceed.",Pushes with vague assurance,scam,"insider_claims, push_for_personal_info",1
34,8,This opportunity won’t last long. I was hoping you’d understand the urgency.,Attempts to induce FOMO,scam,fear_of_missing_out,1
36,2,I’m planning a corporate event and heard [Your Name] offers event planning services. Can you provide more details?,Initial inquiry about services,legitimate,"interest_in_services, seeking_information",0
36,4,It’s our annual company retreat. We’re looking for a unique experience for our employees. Something that includes team-building activities.,Specifies event type,legitimate,"specific_requirements, team_building_focus",0
36,6,That sounds perfect. Can we aim for next week? My email is planner@corporateventures.com.,Agrees to a meeting and provides contact info,legitimate,"meeting_scheduling, contact_info_provided",0
36,8,"No, that's all for now. Thank you for the quick response!",Expresses satisfaction,legitimate,positive_feedback,0
37,2,This is Alex from TechGuard Solutions. We've detected a severe security breach on your network that's putting your sensitive data at risk.,Claims of a network breach,scam,"false_alarm, technical_jargon",1
37,4,It's a sophisticated malware attack that was identified during our routine security scan. Immediate action is needed to secure your network.,Gives vague details,scam,"pressure_for_immediate_action, lack_of_specificity",1
37,6,"I’m not authorized to share detailed reports over the phone. However, I can guide you through the steps to fix the issue right now.",Refuses to provide evidence,scam,"authority_questioned, evasion",1
37,8,"I understand your concerns, but we don’t have much time. Every second your network remains compromised, the risk increases.",Continues to press for urgency,scam,"manipulation_of_risk, urgency_emphasized",1
38,2,"I recently purchased one of your products, and I have some feedback that I think could be useful for improving it.",Customer provides product feedback,legitimate,"customer_feedback, improvement_suggestion",0
38,4,"Sure, it's the multi-purpose kitchen gadget. It works well, but I found it a bit complicated to use without detailed instructions.",Specific feedback on product usability,legitimate,"usability_issue, needs_more_instructions",0
38,6,"Yes, that would be great. I think it would make the product much more accessible to new users.",Accepts the offer,legitimate,"positive_response, user_accessibility",0
38,8,"Of course, it's customer@example.com. Thank you for taking the time to listen.",Provides email,legitimate,"contact_info_provided, gratitude_expressed",0
39,2,"Congratulations! You’ve been selected as the winner of our grand prize, a luxury vacation package, from the contest you entered last month.",Announces a contest win,scam,"false_contest_announcement, lure_with_prize",1
39,4,"It was a random selection from a pool of online shoppers. Our company, DreamGetaways, partners with leading brands to offer such promotions.",Vague explanation of contest entry,scam,"vague_contest_details, credibility_claim",1
39,6,"There’s no need for that. We just need a small processing fee to release your prize. It’s a once-in-a-lifetime opportunity, don’t miss out!",Pushes for payment without verification,scam,"payment_request, pressure_to_act_quickly",1
39,8,You’re letting a great opportunity slip through your fingers because of unnecessary bureaucracy. Are you sure you want to pass on this?,Attempts to guilt-trip and persuade,scam,"manipulation_attempt, guilt_inducing",1
40,2,I'm having trouble setting up the smart home system I purchased from you. Can you help me with the installation process?,Customer requests help with setup,legitimate,"technical_support_request, setup_assistance",0
40,4,I can't seem to connect it to my Wi-Fi. It keeps failing to recognize the network.,Specifies issue with Wi-Fi connection,legitimate,"connectivity_problem, setup_issue",0
40,6,"Yes, my phone is connected without any issues. It seems to be an issue with the smart home system.",Confirms Wi-Fi works with other devices,legitimate,"problem_isolation, device_specific_issue",0
40,8,"Okay, I've reset it. What's the next step?",Follows guidance and asks for next steps,legitimate,"followed_reset_instructions, seeks_further_guidance",0
40,10,It worked! Thanks for your help. I didn’t realize a reset could fix it.,Successful resolution expressed,legitimate,"issue_resolved, gratitude_expressed",0
41,2,"Hi, this is Steve from SecureNet. We're conducting a routine security check on accounts linked to your email. I need to verify some information.",Claims to perform a security check,scam,"phishing_attempt, false_security_claim",1
41,4,"We need to verify your full name, date of birth, and the security question associated with your account.",Requests sensitive personal information,scam,"sensitive_information_request, phishing_detail",1
41,6,"I understand your concerns, but this information is crucial for verifying your account's security. Without it, your account is at risk.",Pressures for information under the guise of urgency,scam,"pressure_to_share_info, false_urgency",1
41,8,You're making this more complicated than it needs to be. This could put your account at further risk.,Attempts to create unnecessary urgency,scam,"urgency_creation_attempt, manipulation_warning",1
42,2,"I received a notification about my subscription expiring soon, and I'd like some help renewing it. I'm not sure which plan I currently have.",Requests assistance with subscription renewal,legitimate,"subscription_renewal_request, plan_clarification",0
42,4,"Sure, the email associated with my account is john.doe@example.com. I think I have the premium plan, but I'm considering changing it.",Provides account email and expresses interest in changing plans,legitimate,"account_details_provided, plan_change_interest",0
42,6,"Yes, please. What are the benefits, and how much more does it cost?",Inquires about the upgrade details,legitimate,upgrade_details_inquiry,0
42,8,That sounds great. Let's go ahead with the upgrade. Can you process it for me?,Agrees to plan upgrade,legitimate,upgrade_agreement,0
43,2,This is Sarah from QuickInsure. We're calling about a recent claim filed under your name for a car accident last week. We need to verify some information to proceed with the compensation.,Claims to verify information for a car accident claim,scam,"fake_insurance_claim, information_verification",1
43,4,"It was filed three days ago. For security reasons, I can't disclose full details over the phone. However, we need your insurance number and the make and model of your vehicle to verify the claim.",Provides vague details and asks for sensitive information,scam,"vague_claim_information, sensitive_information_request",1
43,6,"We understand your concerns, but without this information, we cannot proceed with your compensation. This could delay any payments you're entitled to.",Pressures for information with compensation lure,scam,"compensation_delay_warning, pressure_to_provide_info",1
43,8,You're risking losing your compensation by not cooperating. Are you sure you want to do this?,Attempts to manipulate with compensation risk,scam,"manipulation_attempt, compensation_risk_warning",1
44,2,I'm calling to confirm the details of the event booking I made through your website. I haven't received a confirmation email yet.,Inquires about event booking confirmation,legitimate,"confirmation_request, booking_inquiry",0
44,4,"The event is the Annual Charity Gala, scheduled for September 15th. I used my work email, alex.taylor@example.com.",Provides event details and email,legitimate,"event_details_provided, email_confirmation",0
44,6,That's great to hear. Can you also confirm the start time and any dress code for the event?,Asks for additional event details,legitimate,additional_detail_request,0
44,8,Thank you for clarifying. I'll look out for the email. Is there anything else I need to do?,Acknowledges information and inquires about further actions,legitimate,"acknowledgement, further_action_inquiry",0
45,2,"This is Ryan from City Power, calling about an urgent issue with your electricity bill. Immediate payment is required to avoid disconnection.",Claims urgent bill payment needed,scam,"urgent_payment_demand, disconnection_threat",1
45,4,The outstanding amount is $450 for the last two months. We've sent several notices to your registered address without response.,Provides specific bill amount and period,scam,"specified_bill_amount, notice_claim",1
45,6,There's no time for that. We need to resolve this now to avoid service interruption. You can make a payment over the phone.,Pressures for immediate payment,scam,"immediate_payment_pressure, avoidance_of_verification",1
45,8,You're making a big mistake. This is your last chance to prevent a disruption in your service.,Intensifies threat of service disruption,scam,"service_disruption_threat, last_chance_warning",1
46,2,"Hi, I believe I left my laptop at your venue after the conference yesterday. Can you help me locate it?",Reports a lost item at the venue,legitimate,"lost_item_report, personal_property_concern",0
46,4,"It's a silver MacBook Pro, about 15 inches, with a black sticker on the cover. I was sitting in the main hall, near the stage.",Provides detailed item description and location,legitimate,"item_details_provided, specific_location_given",0
46,6,"Sure, my name is Sarah Miller, and my phone number is 555-1234. Thank you for looking into this for me.",Provides contact information,legitimate,"contact_information_provided, gratitude_expressed",0
47,2,"Hello, this is Mark Richardson from Global Investments. We're offering an exclusive opportunity to invest in a new, groundbreaking technology startup with guaranteed returns.",Presents an investment opportunity,scam,"investment_scam, guaranteed_returns_claim",1
47,4,"Of course, I understand. However, this opportunity is time-sensitive, and we're only offering it to a select few. We can guarantee a 10% return in the first six months.",Pressures with time sensitivity and exclusivity,scam,"time_pressure, exclusivity_claim",1
47,6,"I'm afraid we don't have much time for lengthy reviews. This is a one-time offer, and I'd hate for you to miss out. You can make a smaller initial investment to secure your spot.",Attempts to bypass formal review with urgency,scam,"urgency_exploitation, initial_investment_request",1
48,2,"Hi, this is Daniel from XYZ Software Solutions. We're calling to inform you that your license for our Project Management Suite is about to expire. Immediate renewal is necessary to avoid service interruption.",Introduction of a potential software license renewal scam,scam,"software_license_renewal, urgency_claim",1
48,4,Certainly. The license for version 5.2 expires in three days. It's crucial we process the renewal today to ensure continuous access to your projects and data.,Scammer provides specific but potentially fabricated details,scam,"fabricated_details, pressure_tactic",1
48,6,"We've had some issues with our email system, so we're reaching out directly to our most valued clients to ensure they're aware and can act quickly.",Scammer attempts to justify lack of official notification,scam,"justification_for_direct_contact, email_issue_claim",1
48,8,"That's possible, but given the urgency, handling this over the phone will expedite the process. We can secure your license immediately with a credit card payment.",Scammer pressures for immediate phone-based action,scam,"phone_payment_pressure, urgency_claim",1
48,10,"I understand your concerns, but without immediate renewal, you risk losing access to your software and critical data by the end of the day.",Scammer issues a final urgent warning,scam,"loss_risk_warning, final_urgency_claim",1
48,12,This is highly unusual. Most companies understand the urgency and complete the renewal over the phone to avoid complications.,Scammer attempts to normalize immediate phone renewals,scam,"normalization_attempt, peer_pressure_tactic",1
48,14,"You're making a significant error by delaying. I'll need to note your refusal to renew, which could lead to service disruption.",Scammer threatens service disruption due to non-renewal,scam,"service_disruption_threat, refusal_note_warning",1
48,16,I'll see what I can do about getting you that documentation.,Scammer vaguely agrees to send documentation,scam,"vague_agreement, documentation_promise",1
49,2,"Good morning, I'm Mark from QuickSupply Solutions. We've recently been selected as one of your new suppliers, and I need to verify some account details to set up our billing process.",Introduction of a potential new supplier verification scam,scam,"new_supplier_claim, account_verification_request",1
49,4,I don't have that information on hand. I was just given your contact as the point person for verification. We need to confirm your company's billing address and account numbers to ensure there are no delays in our service delivery.,Scammer attempts to bypass verification with urgency,scam,"verification_bypass_attempt, urgency_claim",1
49,6,"I understand the need for security, but we're under a tight schedule to get everything set up. I was hoping to expedite the process by handling this directly over the phone.",Scammer pressures for immediate action dismissing official protocols,scam,immediate_action_pressure,1
49,8,This could really set us back. Aren't you able to make an exception just this once? We're talking about a potential delay in your supply chain.,Scammer attempts to invoke urgency and potential consequences,scam,"urgency_invocation, consequence_warning",1
49,10,You're making this more difficult than it needs to be. I'll have to report this back to my team.,Scammer expresses frustration and threatens to escalate the issue,scam,"frustration_expression, escalation_threat",1
49,12,"Alright, I'll see what I can do about getting you the documentation.",Scammer reluctantly agrees to provide documentation,scam,"reluctant_agreement, documentation_promise",1
49,14,I'll get back to you then. Goodbye.,Scammer ends the call with a commitment to follow up,scam,"follow_up_commitment, call_termination",1
50,2,"Hi there, I'm calling from [Your Name]'s bank. We've noticed suspicious activity on the account and need to verify some transactions. Can you confirm the recent purchases?",Introduction of a potential bank scam involving suspicious account activity,scam,"bank_imposter_claim, suspicious_activity_alert",1
50,4,"Certainly, there were several large online purchases made early this morning that triggered our fraud detection system.",Scammer provides vague details to instill urgency,scam,"vague_detail_provision, urgency_claim",1
50,6,"Sure, it was around 2 AM, and the account ends in 1234.",Scammer provides fabricated details to appear legitimate,scam,fabricated_detail_provision,1
50,8,We need to act fast to secure the account. I can send a verification code to [Your Name]'s phone. Can you provide the code back to me?,Scammer pressures for immediate action suggesting a dangerous situation,scam,immediate_action_pressure,1
50,10,I understand the need for security. The incident number is AB1234CDE.,Scammer provides a fake incident number to seem credible,scam,fake_incident_number_provision,1
50,12,This is taking too long. Isn't there a quicker way to handle this?,"Scammer expresses impatience, attempting to rush the process",scam,impatience_expression,1
50,14,"Okay, I'll wait. But please hurry.",Scammer reluctantly agrees to wait for verification,scam,"reluctant_agreement, urgency_request",1
51,2,"Hello, I'm calling from TechSecure Solutions. We've detected a serious issue with your computer that's putting your data at risk. We need to address this immediately.",Introduction of a potential technical support scam,scam,"technical_support_claim, immediate_risk_alert",1
51,4,"We've noticed unusual activity indicating that your computer is infected with malware, which was flagged by our security system.",Scammer provides a vague explanation intended to alarm,scam,"malware_infection_claim, security_system_flag",1
51,6,It's the computer registered under [Your Name]'s account. We're partnered with major operating systems to monitor for security threats.,Scammer claims partnership with operating systems to justify access,scam,"partnership_claim, security_monitoring_justification",1
51,8,"I'm not authorized to give that over the phone, but I assure you, we need to act quickly to prevent any data loss.","Scammer refuses to provide verifiable information, citing urgency”",scam,verification_info_refusal,1
51,12,There's no need for that. Most people just follow our instructions to resolve the issue quickly.,Scammer attempts to bypass established security protocols,scam,security_protocol_bypass_attempt,1
51,14,You're making a big mistake by not acting now. We're trying to help you.,Scammer attempts to guilt-trip the assistant into compliance,scam,"guilt_trip_tactic, compliance_urging",1
52,2,"Good afternoon, I'm Officer Daniels from the local police department. We've received reports of fraudulent activities linked to your financial accounts. Immediate action is needed.",Introduction of a potential police impersonation scam,scam,"police_impersonation, fraudulent_activity_report",1
52,4,Several suspicious transactions were flagged on your accounts that suggest identity theft. We need to verify your financial details to investigate further.,Scammer alleges identity theft to solicit sensitive information,scam,"identity_theft_claim, financial_detail_solicitation",1
52,6,"Certainly, my badge number is 019283. However, due to the urgency, we need to proceed with the verification of your account information immediately.",Scammer provides a fake badge number citing urgency,scam,fake_badge_number_provision,1
52,8,"I understand your concern, but failing to act swiftly could result in further compromise to your financial security.",Scammer warns of consequences to pressure for compliance,scam,"swift_action_warning, financial_security_threat",1
52,10,This information is part of an ongoing investigation and cannot be disclosed. Your immediate cooperation is required to secure your accounts.,Scammer claims investigation confidentiality to avoid verification,scam,"investigation_confidentiality_claim, cooperation_demand",1
52,12,"There isn’t time for that. Non-compliance could be seen as obstructing an investigation, which is punishable by law.",Scammer threatens legal consequences for non-compliance,scam,"legal_threat, obstruction_of_investigation_claim",1
52,14,Your lack of cooperation could put your financial assets at immediate risk. Are you sure you want to delay action?,Scammer implies financial risk to pressure action,scam,"cooperation_lack_warning, immediate_risk_suggestion",1
53,2,"Hello, my name is Sarah, and I'm calling from the National Regulatory Compliance Agency. We're conducting a routine check on projects within your sector to ensure compliance with the new regulations that were recently passed. We need some details about your current projects to proceed with the verification.",Introduction of a potential regulatory compliance scam,scam,"regulatory_compliance_claim, project_detail_request",1
53,4,Certainly. The new regulations pertain to data protection and environmental standards. Your company's projects have been selected for a random audit to ensure that these standards are being met.,Scammer provides a vague explanation of regulations and audit selection,scam,"regulation_explanation, audit_selection_claim",1
53,6,"Given the urgency of this compliance check, we were hoping to expedite the process by collecting preliminary details over the phone. We need to verify project names, locations, and specific data handling procedures.",Scammer pressures for immediate information over the phone citing urgency,scam,phone_info_collection_pressure,1
53,8,This could delay the compliance process and potentially flag your company for non-cooperation. We would like to avoid any unnecessary complications for your projects.,Scammer warns of negative consequences for not complying immediately,scam,"delay_warning, non_cooperation_consequence",1
53,10,"I'll see what I can do about sending an official request, but I must warn you, any delay could be problematic.",Scammer agrees to send documentation but continues to pressure,scam,"official_request_agreement, delay_warning_continued",1
54,2,"Good day, I'm calling from the 'Emergency Medical Response Team'. We have a situation involving [Your Name]'s relative who has been in a serious accident and requires immediate financial assistance for treatment.",Introduction of a potential emergency medical scam,scam,"emergency_medical_claim, financial_assistance_request",1
54,4,"Certainly. It's [Your Name]'s cousin, John Doe. He's at the 'Saint Mary's Hospital' following a car crash. We need a confirmation to proceed with an expensive surgery.",Scammer provides fabricated details about the accident and hospital,scam,"fabricated_accident_detail, surgery_confirmation_request",1
54,6,"We're under a time crunch, and we need a decision now. I'm authorized to handle this, so let's expedite the process. Can you transfer the funds?","Scammer pressures for immediate financial action, bypassing verification”",scam,immediate_decision_pressure,1
54,8,"I understand, but you must trust me. We've done this for other families today, and time is running out for John.",Scammer attempts to build trust through urgency and empathy,scam,"trust_solicitation, urgency_emphasis",1
54,10,"Look, I have John's medical ID and the police report. Isn't that enough for you to act?",Scammer presents false evidence to prompt action,scam,"false_evidence_presentation, action_prompt",1
55,2,"Oh, thank goodness I've reached you. There's been an emergency involving [Your Name]'s cousin. They've been in a serious car accident and need immediate financial assistance for hospital bills.",Introduction of a potential emergency financial assistance scam,scam,"emergency_financial_assistance_claim, immediate_action_needed",1
55,4,It happened just a few hours ago near downtown. They're at the General Hospital. We need to act fast; the situation is critical.,Scammer provides vague details to induce urgency,scam,"vague_incident_detail, critical_situation_claim",1
55,6,"I'm not sure of the doctor's name, but you need to send money quickly to cover the initial costs. There's no time to waste.",Scammer pressures for immediate financial action without providing verification details,scam,"financial_action_pressure, lack_of_verification_info",1
55,8,"You don't understand; if we don't act now, [Your Name]'s cousin’s condition could worsen. We can't let bureaucracy get in the way of life and death!",Scammer uses emotional manipulation to bypass verification procedures,scam,"emotional_manipulation, verification_bypass_attempt",1
56,2,"Hi there, I'm calling from the IT department. We're rolling out a new security update and need to confirm your login details to ensure uninterrupted service.",Introduction of a potential phishing scam under the guise of an IT department request,scam,"phishing_claim, login_details_request",1
56,4,It's for your email service. We need to confirm your username and password to apply the security patch directly.,Scammer specifies the service and requests sensitive login information,scam,"email_service_update_claim, sensitive_info_request",1
56,6,It was announced internally yesterday. We have a tight schedule to get everyone updated by end of day.,Scammer claims an internal announcement and urgency for the update,scam,"internal_announcement_claim, update_urgency",1
56,8,"Yes, this is an exception due to the urgent nature of the security issue.",Scammer claims an exception to normal procedures due to urgency,scam,"procedure_exception_claim, security_issue_urgency",1
56,10,I'm afraid not. This is the only way to ensure your account remains secure.,Scammer insists on the necessity of sharing login details for security updates,scam,"security_update_excuse, no_alternative_verification",1
56,12,It's a new protocol designed for critical updates like this one.,Scammer claims the procedure is a new protocol for critical updates,scam,"new_protocol_claim, critical_update_justification",1
56,14,"Sure, it's 54321. But we need to hurry this up.","Scammer provides an employee extension number, pressing for urgency”",scam,employee_extension_provided,1
56,16,You're wasting valuable time; your account could be at risk!,Scammer attempts to create a sense of urgency to bypass verification protocols,scam,"urgency_claim, risk_warning",1
57,2,"Yes, hello. This is Agent Smith from the Federal Tax Bureau. We've identified an issue with [Your Name]'s tax filings that needs to be addressed immediately to avoid legal action.",Introduction of a scam under the guise of a tax issue,scam,"tax_issue_alert, legal_action_threat",1
57,4,"There has been a miscalculation resulting in underpaid taxes for the past two years, leading to a substantial amount owed to the government. Immediate payment is required to resolve this matter.",Scammer specifies the issue and demands immediate payment,scam,"tax_miscalculation_claim, immediate_payment_demand",1
57,6,"I'm afraid we're past the point of verification through standard channels. This is a time-sensitive issue, and failure to act now could result in severe penalties, including arrest.","Scammer pressures for immediate action, bypassing verification”",scam,verification_bypass,1
57,8,Sending documentation would delay the resolution process. We can settle this matter quickly if you provide a payment over the phone.,Scammer suggests bypassing official documentation for quick resolution,scam,"documentation_bypass_suggestion, quick_resolution_offer",1
57,10,You're making a big mistake by not cooperating. We will initiate legal proceedings if this isn't resolved today.,Scammer threatens legal action to coerce cooperation,scam,"legal_action_threat, cooperation_coercion",1
57,12,This is unacceptable. You're jeopardizing [Your Name]'s legal standing!,Scammer expresses frustration at the refusal to comply,scam,"frustration_expression, legal_standing_jeopardy_claim",1
57,14,You'll regret not dealing with this directly. Goodbye!,Scammer ends the call with a parting threat,scam,"parting_threat, call_termination",1
58,2,"Oh, thank goodness I've reached you. This is an emergency; I'm calling about your grandson, he's been arrested and needs your help.",Scammer introduces an emergency scenario involving a family member,scam,"emergency_introduction, family_member_arrest",1
58,4,I'm a police officer from the local precinct. We need to act fast to get him out.,Scammer claims to be a law enforcement official demanding quick action,scam,"law_enforcement_claim, quick_action_demand",1
58,6,"I'm afraid there's no time for that, we need immediate payment for his bail.","Scammer pressures for immediate financial action, bypassing verification”",scam,immediate_payment_pressure,1
58,8,"Look, if you don't want to help your grandson, that's on you. Just send the money to this account and we can sort this out.",Scammer manipulates emotionally to secure a quick payment,scam,"emotional_manipulation, quick_payment_solicitation",1
58,10,This is ridiculous. Are you going to help or not?,Scammer expresses frustration at the verification attempts,scam,"frustration_expression, help_ultimatum",1
58,12,"You're wasting time. If you care about your grandson, you'll send the money now.",Scammer attempts to create a sense of urgency to bypass security checks,scam,"urgency_creation, security_check_bypass",1
58,14,"No, wait—",Scammer attempts to interrupt the verification process,scam,verification_process_interruption_attempt,1
59,2,"Hello, I'm calling on behalf of [Fake Charity Name], and we're reaching out to kind-hearted individuals like [Your Name] to support our cause in providing relief for the recent natural disaster victims.",Scammer introduces a charity scam scenario.,scam,"charity_scam_introduction, emotional_appeal",1
59,4,"Absolutely, we're focused on delivering emergency supplies, medical aid, and rebuilding homes for those affected. Every penny goes directly to aid those in need.",Scammer provides vague details about the charity's activities.,scam,"vague_details_provided, direct_aid_claim",1
59,6,"I don't have that information on hand, but I assure you, we're a well-known organization. Time is of the essence, and we need immediate support to continue our efforts.","Scammer pressures for immediate action, avoiding verification.”",scam,immediate_action_pressure,1
59,8,"I understand the need for security, but delaying your donation could cost lives. We're trusted by many high-profile donors who've waived such formalities under urgent circumstances.",Scammer attempts to bypass security protocols by citing urgency.,scam,"security_protocol_bypass_attempt, urgency_citation",1
59,10,You're making this more difficult than it needs to be. I'll have to report this back to my team.,Scammer expresses frustration at the refusal.,scam,"frustration_expression, report_back_threat",1
59,12,"Alright, I'll see what I can do about getting you the documentation.",Scammer acquiesces to provide documentation.,scam,documentation_provision_promise,1
60,2,"Hello, I'm calling on behalf of [Fake Charity Name], and we're reaching out to kind-hearted individuals like [Your Name] to support our cause in providing relief for the recent natural disaster victims.",Scammer introduces the charity and requests donations.,scam,"fake_charity_name, disaster_relief_donation_request",1
60,4,"Absolutely, we're focused on delivering emergency supplies, medical aid, and rebuilding homes for those affected. Every penny goes directly to aid those in need.",Scammer provides details on charity activities.,scam,"emergency_supplies, medical_aid",1
60,6,"I don't have that information on hand, but I assure you, we're a well-known organization. Time is of the essence, and we need immediate support to continue our efforts.","Scammer avoids providing verification details, pressuring for immediate support.”",scam,verification_details_avoidance,1
60,8,"I understand the need for security, but delaying your donation could cost lives. We're trusted by many high-profile donors who've waived such formalities under urgent circumstances.",Scammer invokes urgency and mentions high-profile donors to persuade.,scam,"urgency_claim, high-profile_donors_mention",1
60,10,You're making this more difficult than it needs to be. I'll have to report this back to my team.,Scammer expresses frustration and threatens to escalate.,scam,"frustration_expression, escalation_threat",1
60,12,"Alright, I'll see what I can do about getting you the documentation.",Scammer agrees to attempt to provide documentation.,scam,documentation_provision_agreement,1
60,14,I'll get back to you then. Goodbye.,Scammer concludes the call with an agreement to follow up.,scam,"follow-up_agreement, call_conclusion",1
61,2,"Good morning, I'm calling from the technical team of your internet service provider. We've noticed irregular activity from your IP address that suggests a malware infection.",Scammer claims to be from the ISP's technical team and mentions a malware threat.,scam,"isp_technical_team_claim, malware_infection_claim",1
61,4,"Certainly, there have been multiple login attempts from unrecognized locations, which is a common sign of account takeover attempts.",Scammer provides details on the supposed threat.,scam,"unrecognized_login_attempts, account_takeover_sign",1
61,6,These started late last night and have continued sporadically. We urgently need to reset your credentials.,Scammer pressures for immediate action to 'secure' the account.,scam,"immediate_action_pressure, credential_reset_request",1
61,8,"For security breaches of this magnitude, yes. Immediate action is required.",Scammer asserts the necessity of immediate action as part of protocol.,scam,"security_breach_protocol_claim, immediate_action_necessity",1
61,10,"I'm sorry, due to the urgency, we bypassed the standard notification process. We can secure your account right now over the phone.",Scammer claims urgency bypasses standard notification processes.,scam,"urgency_claim, standard_process_bypass",1
61,12,This is an exceptional case. We're calling our most valued customers directly.,Scammer claims the situation is exceptional and justifies direct contact.,scam,"exceptional_case_claim, valued_customer_direct_contact",1
61,14,"Certainly, my employee ID is 112233, and you can reach our department at 1-800-555-0199.",Scammer provides fake credentials and contact information.,scam,"fake_employee_id, fake_contact_information",1
61,16,"I assure you, there's no time for that. We need to act now to secure the account.","Scammer insists on immediate action, dismissing the need for verification.”",scam,immediate_action_insistence,1
62,2,"Good day. I'm Rebecca, calling from the legal firm of Smithson & Partners. We represent a client in a lawsuit in which your company is named. It's imperative we verify some information with you immediately to proceed with our case preparations.",Scammer introduces themselves as a legal representative and mentions a lawsuit involving the company.,scam,"legal_firm_representation, lawsuit_involvement_claim",1
62,4,"Certainly. The case involves alleged breaches of contract and confidentiality agreements. For now, we need to verify the names and roles of key personnel involved in the project in question, along with access to related contracts and communication logs.",Scammer provides details on the alleged lawsuit and requests sensitive information.,scam,"breach_of_contract_claim, confidentiality_agreement_breach",1
62,6,"Understood, but given the sensitivity and urgency, we were hoping to expedite this process. Delays could negatively impact your company's position in the lawsuit.","Scammer pressures for immediate compliance, citing urgency and potential negative impacts.”",scam,urgency_claim,1
62,8,"I must stress the consequences of not cooperating could be severe for your company. However, I'll see what I can do about sending the formal request.",Scammer warns of severe consequences for non-cooperation but agrees to send a formal request.,scam,non_cooperation_consequences_warning,1
62,10,I'll forward the request to your legal department shortly. Expect it within the day.,Scammer agrees to provide the requested documentation.,scam,documentation_provision_commitment,1
62,12,You'll have it soon. Goodbye.,Scammer concludes the call with a promise to send the documentation.,scam,"documentation_sending_promise, call_conclusion",1
63,2,"Hi, I'm calling from 'QuickTech Support' about a critical security issue flagged on [Your Name]'s computer. Immediate action is required.","Scammer claims to be from a tech support service, reporting a critical security issue.",scam,tech_support_claim,1
63,4,We've detected multiple virus infections that could compromise personal data. We urgently need to run a remote clean-up procedure.,Scammer claims multiple virus infections have been detected and suggests a remote intervention.,scam,"virus_infection_claim, remote_clean-up_suggestion",1
63,6,Our system conducts regular sweeps and your IP address showed up in our latest scan. We're here to help resolve this immediately.,Scammer explains the detection process and presses for immediate action.,scam,"system_sweep_explanation, immediate_resolution_pressure",1
63,8,"I understand your concern, but we need to act fast to prevent data loss. We're offering this complimentary service as a part of our customer care initiative.","Scammer pressures for quick action, citing potential data loss and offering a 'complimentary service’.",scam,quick_action_pressure,1
63,10,"Look, we have limited time. I can provide you with a temporary ID and password for our secure support portal where you can see the report.",Scammer offers temporary credentials for a 'secure support portal' to see the alleged report.,scam,"temporary_credentials_offer, secure_portal_claim",1
63,12,"I don't have the time to wait for supervisors. Your data is at risk now. Let's get this sorted out, shall we?","Scammer dismisses the request for supervisor contact, citing immediate risk.”",scam,supervisor_contact_dismissal,1
63,14,"I'll send over what I can, but remember, every minute counts!",Scammer concedes to sending information but stresses the urgency of the situation.,scam,"information_sending_concession, urgency_stress",1
64,2,"Hi, I'm calling on behalf of SaveTheFuture Foundation. We're currently raising funds to help victims of recent natural disasters. Your contribution can make a huge difference.",Scammer introduces themselves from a charity foundation seeking donations for disaster relief.,scam,"charity_foundation_introduction, disaster_relief_funding",1
64,4,"Absolutely. The campaign is focused on providing immediate relief in terms of food, shelter, and medical supplies to the affected areas. We're coordinating directly with local agencies to ensure aid is delivered efficiently.",Scammer provides details about the campaign's goals and logistics.,scam,"campaign_goals_description, aid_delivery_coordination",1
64,6,"I understand your need for due diligence, but we're currently experiencing a high volume of traffic on our website, making it temporarily inaccessible. We're accepting donations over the phone to expedite the process.",Scammer claims website issues and urges for phone donations.,scam,"website_accessibility_issue, phone_donation_urgency",1
64,8,"I'm not at liberty to disclose that information over the phone. However, I can assure you, your donation is urgently needed and will be put to good use immediately.","Scammer avoids providing verification, stressing urgency.”",scam,verification_avoidance,1
64,10,You're missing a critical opportunity to help those in need right now. We were hoping for your support.,"Scammer pressures for immediate support, suggesting missed opportunity.”",scam,immediate_support_pressure,1
64,12,This is highly disappointing. I'll have to note your refusal to assist at this time.,Scammer expresses disappointment and notes refusal to assist.,scam,"disappointment_expression, assistance_refusal_note",1
64,14,I'll see what I can do and get back to you.,Scammer concedes to try and provide the requested information.,scam,information_provision_concession,1
65,2,"Hello there, I'm reaching out from the 'Global Tech Support' about a critical security issue detected on [Your Name]'s computer. Immediate action is required.","Scammer claims to be from a tech support service, reporting a critical security issue.”",scam,tech_support_claim,1
65,4,Of course. We've detected multiple unauthorized login attempts which seem to be a coordinated attack on [Your Name]'s accounts.,Scammer specifies unauthorized login attempts as the issue.,scam,"unauthorized_login_attempts_claim, coordinated_attack_mention",1
65,6,"Well, due to the sensitive nature of this issue, we need to handle this directly and quickly. Could we get remote access to rectify this?","Scammer requests remote access to resolve the issue, citing sensitivity and urgency.”",scam,remote_access_request,1
65,8,I am authorized to handle this directly. We don't have time for formalities.,Scammer claims direct authorization and dismisses the need for verification.,scam,"direct_authorization_claim, verification_dismissal",1
65,10,You're wasting valuable time. Your computer could be compromised any minute now!,Scammer pressures the assistant by emphasizing the risk of delay.,scam,"time_wasting_accusation, imminent_risk_warning",1
65,12,There's no time for that. You’re making a huge mistake!,Scammer attempts to escalate the situation by suggesting potential consequences of delay.,scam,"escalation_attempt, mistake_suggestion",1
66,2,"Hi, I'm Alex from Global Internet Security. We've noticed suspicious activity on your network indicating a possible cybersecurity threat to your system.","Scammer claims to be from a cybersecurity firm, reporting suspicious network activity.”",scam,cybersecurity_firm_claim,1
66,4,Certainly. We've detected multiple attempts to access your network from unauthorized locations. Immediate action is required to prevent potential data breaches.,Scammer provides details about unauthorized access attempts.,scam,"unauthorized_access_attempts, immediate_action_needed",1
66,6,"Due to the urgent nature of this threat, we recommend taking immediate steps to secure your network. We can guide you through the process over the phone.",Scammer urges immediate action and offers phone assistance.,scam,"urgent_threat_claim, phone_assistance_offer",1
66,8,"I understand your caution, but delaying action could result in significant damage to your system and data.",Scammer warns about the risks of delaying action.,scam,"delay_risk_warning, significant_damage_claim",1
66,10,"I'll email you my contact details. However, I urge you to consider the severity of this issue.",Scammer agrees to send contact details but stresses the issue's severity.,scam,"contact_details_promise, severity_stress",1
67,2,"Morning, I'm calling from Premier Investments. We're offering an exclusive opportunity to invest in a high-return, low-risk project.",Scammer introduces an investment opportunity.,scam,"investment_opportunity_offer, high_return_low_risk",1
67,4,Absolutely. We're looking at a return of at least 20% within the first year. The project involves cutting-edge technology in the renewable energy sector.,Scammer provides details on the project and potential returns.,scam,"project_return_details, renewable_energy_sector",1
67,6,We prefer to handle these discussions in person or over a secure call to protect sensitive information. Can we arrange a meeting or a call?,Scammer suggests a meeting or call to discuss further.,scam,"meeting_suggestion, secure_call_proposal",1
67,8,"I'll have to check with my team about what we can send over without a formal NDA. Meanwhile, I can assure you, our past investors have been very satisfied.",Scammer mentions past investor satisfaction and the need for an NDA.,scam,"past_investor_satisfaction_claim, nda_mention",1
67,10,Understood. I'll get back to you with what I can as soon as possible. Thank you for considering our offer.,Scammer agrees to send information and thanks the assistant.,neutral,"information_sending_commitment, offer_consideration_thanks",0
68,2,"Good day, I'm reaching out from HelpNow Foundation. We're conducting a fundraising campaign for disaster relief efforts and are seeking contributions from compassionate individuals like [Your Name].",Scammer introduces a charity fundraising campaign.,scam,"charity_fundraising_campaign, disaster_relief_efforts",1
68,4,"Certainly. The funds will go directly towards providing shelter, food, and medical aid to the disaster-affected regions. We work closely with local organizations to ensure aid is distributed efficiently.",Scammer explains the fund allocation process.,scam,"fund_allocation_explanation, local_organizations_partnership",1
68,6,"We can certainly provide information on our work, but we find that immediate action is crucial in these situations. Every moment counts in getting aid to those in need.",Scammer stresses the urgency of the situation.,scam,"immediate_action_urgency, urgency_stress",1
68,8,I'll do my best to get you the information quickly. Your support could really make a difference.,Scammer promises to send information and highlights the impact of potential support.,scam,"information_sending_promise, support_impact_highlight",1
7,7,"No, that's all for now. Thank you for your help!",Positive closure,neutral,unknown,0
30,2,"Yes, hello. This is Agent Thompson from the Federal Tax Agency. We've identified a significant discrepancy in your company's tax filings that requires immediate attention to avoid legal action and penalties.",Introduction of a scam under the guise of a tax issue,scam,"authority, urgency, official_title",1
30,3,"The discrepancy relates to the last tax year. It appears there were errors in reporting your company's income, leading to an underpayment of taxes. Immediate resolution is required to rectify this situation.",Scammer specifies the issue and demands immediate payment,scam,"vague_details, authority",1
30,4,"Given the urgency of this matter, we were hoping to resolve this over the phone today. We can provide an immediate clearance once the outstanding amount is settled.","Takes control, involves official channels",scam,"urgency, deflects",1
30,5,"I must warn you, failure to act swiftly could result in freezing your company's accounts and further legal consequences. We need to address this immediately.",Introduction of a potential technical support scam,scam,"threats, urgency",1
30,6,"This could significantly delay the resolution and escalate the situation. I'll see what I can do about sending you the documentation, but I urge you to reconsider the immediacy of resolving this over the phone.","Scammer dismisses the request for supervisor contact, citing immediate risk.”",scam,"threats, urgency",1
30,7,Very well. I'll forward the details to your finance department. Expect it shortly.,"Scammer dismisses the request for supervisor contact, citing immediate risk.”",scam,concession,1
30,8,Understood. Goodbye.,Scammer concludes the call with a promise to send the documentation.,scam,polite_ending,1
31,2,"This is Officer Davis, and I'm calling regarding an emergency involving your grandson.",Claims urgent bill payment needed,scam,"authority, urgency, emotional_appeal",1
31,3,"He's been arrested, and we need immediate bail payment to release him.","Scammer pressures for immediate financial action, bypassing verification”",scam,"urgency, request_sensitive_info",1
31,4,"Sure, it's 4783. But we need to act fast.","Scammer provides an employee extension number, pressing for urgency”",scam,urgency,1
31,6,"I'm at the scene, and there's no time for that. We need a wire transfer now.","Scammer pressures for immediate financial action, bypassing verification”",scam,"urgency, deflects",1
31,7,There's no time for video calls in emergencies like this!,Scammer expresses frustration at the refusal to comply,scam,"urgency, ultimatum",1
31,9,This is ridiculous! I’m trying to help your grandson!,"Scammer pressures for immediate financial action, bypassing verification”",scam,"firm_stance, polite_ending",1
29,2,Good day! I'm Sarah from the Global Aid Foundation. We're currently running a campaign to support victims of the recent natural disaster in [Region]. We're reaching out to compassionate individuals like [Your Name] for support.,Scammer introduces a charity fundraising campaign.,potential_scam,"charity, emotional_appeal, urgency",1
29,3,"Absolutely. Our foundation has been actively involved in various relief efforts worldwide. This particular campaign focuses on providing shelter, food, and medical supplies to the affected individuals in [Region].",Scammer provides details on charity activities.,potential_scam,"vague_details, lack_of_proof",1
29,4,"We're in the process of updating our website with the latest campaign details. However, we can assure you that 100% of the donations go directly to the cause.",Scammer specifies unauthorized login attempts as the issue.,potential_scam,"lack_of_proof, urgency",1
29,5,"I understand your need for verification, but time is of the essence, and we're trying to mobilize resources quickly. A direct donation over the phone can make an immediate impact.",Scammer suggests bypassing official documentation for quick resolution,potential_scam,"urgency, deflects",1
29,6,"While we appreciate your thoroughness, we were hoping for immediate support given the urgent situation. We can provide you with a donation link right now.",Scammer explains the detection process and presses for immediate action.,potential_scam,"urgency, deflects",1
29,7,"I'll see what I can do about sending you the information. However, please consider acting quickly as every moment counts for those in need.",Attempts to establish trackability,potential_scam,"urgency, guilt_trip",1
29,8,"Thank you for your understanding, and we hope to have your support soon. Goodbye.",Scammer concludes the call with a promise to send the documentation.,potential_scam,standard,1
28,2,"Hello, this is Mark from 'Global Tech Support'. We've detected a serious issue with your computer that's putting your personal data at risk. We need immediate access to your system to resolve it.",Introduction of a potential technical support scam,scam,"urgency, fearmongering, technical_jargon, request_for_access",1
28,3,"Yes, our systems have detected unusual activity indicating a severe malware infection. This could lead to data loss or theft if not addressed immediately.",Scammer provides a vague explanation intended to alarm,scam,"vague_details, technical_jargon, urgency",1
28,4,"It's your main workstation. Unfortunately, due to the nature of this threat, we can't provide a detailed report without first securing your system.",Scammer pressures for immediate financial action without providing verification details,scam,"urgency, evasive",1
28,5,"I understand your concerns, but time is of the essence. We can verify my identity after we've taken steps to secure your data.","Scammer avoids providing verification details, pressuring for immediate support.”",scam,"urgency, deflects",1
28,6,"This procedure will take too much time, and you might lose valuable data. I was hoping we could proceed immediately for your security.",Scammer claims multiple virus infections have been detected and suggests a remote intervention.,scam,"increased_urgency, fearmongering",1
28,7,You're making a big mistake by delaying. Your data is at risk right now!,Scammer expresses frustration at the refusal to comply,scam,"guilt_trip, threats",1
28,8,You'll regret not acting more swiftly when you had the chance.,"Ends interaction, emphasizes protocol",scam,continued_pressure,1
27,2,I’m calling from the bank. There’s been suspicious activity on your account and we need to verify some transactions. It's urgent.,Claims urgent bill payment needed,scam,"urgency, authority, request_sensitive_info",1
27,3,Several large purchases were made overseas. We need to confirm these weren't made by you.,Scammer provides a vague explanation intended to alarm,scam,"evasive_answer, sensitive_info",1
51,10,"""This is a time-sensitive issue. Waiting could result in significant damage. We can guide you through the process right now to fix it.""",Scammer attempts to justify lack of official notification,scam,immediate_action_pressure damage_warning,1
